GIORNO,DATA,POSITIVI,DIMESSI,DECEDUTI,CASI TOTALI,Rtnazionale,P.TamponiPos,Posti no ICU,P.Posti.ICU,,V-1,V-7,V-1,V-7,V-1,V-7,V-1,V-7,M-7,V-1,V-7,V-1,V-7,V-7,V-1
0,24/02/2020,221,1,7,229,#N/D,"0,00%","0,16%","0,30%",,0,,0,,0,,0,,,0,,"0,00%",,,
1,25/02/2020,311,1,10,322,#N/D,"2,16%","0,18%","0,40%",,90,,0,,3,,93,,,"0,02%",,"0,10%",,,"2,16%"
2,26/02/2020,385,3,12,400,#N/D,"8,09%","0,20%","0,41%",,74,,2,,2,,78,,,"0,02%",,"0,01%",,,"5,93%"
3,27/02/2020,588,45,17,650,#N/D,"10,30%","0,40%","0,64%",,203,,42,,5,,250,,,"0,19%",,"0,23%",,,"2,21%"
4,28/02/2020,821,46,21,888,#N/D,"6,47%","0,55%","0,73%",,233,,1,,4,,238,,,"0,16%",,"0,09%",,,"-3,84%"
5,29/02/2020,1049,50,29,1128,#N/D,"8,09%","0,64%","1,19%",,228,,4,,8,,240,,,"0,09%",,"0,47%",,,"1,63%"
6,01/03/2020,1577,83,34,1694,#N/D,"22,95%","1,02%","1,59%",,528,334,33,21,5,1,566,357,,"0,38%","0,26%","0,40%","0,21%","14,66%","14,86%"
7,02/03/2020,1835,149,52,2036,#N/D,"15,42%","1,19%","1,89%",,258,27,66,45,18,12,342,84,,"0,16%","0,02%","0,30%","0,07%","4,92%","-7,53%"
8,03/03/2020,2263,160,79,2502,#N/D,"18,56%","1,65%","2,60%",,428,149,11,-12,27,17,466,155,,"0,47%","0,26%","0,72%","0,40%","5,72%","3,14%"
9,04/03/2020,2706,276,107,3089,#N/D,"14,75%","2,15%","3,35%",,443,111,116,77,28,14,587,203,,"0,50%","0,22%","0,75%","0,33%","0,95%","-3,81%"
10,05/03/2020,3296,414,148,3858,#N/D,"30,46%","2,86%","3,99%",,590,203,138,85,41,22,769,311,,"0,71%","0,36%","0,64%","0,16%","13,79%","15,71%"
11,06/03/2020,3916,523,197,4636,#N/D,"19,46%","3,83%","5,25%",,620,178,109,41,49,24,778,243,,"0,97%","0,50%","1,26%","0,61%","0,94%","-10,99%"
12,07/03/2020,5061,589,233,5883,#N/D,"21,87%","4,24%","6,44%",,1145,572,66,-11,36,7,1247,568,,"0,41%","-0,10%","1,19%","0,44%","1,37%","2,40%"
13,08/03/2020,6387,622,366,7375,"1,11","18,95%","5,69%","7,38%",,1326,639,33,-44,133,86,1492,680,"1,11","1,45%","0,78%","0,94%","0,12%","-0,98%","-2,92%"
14,09/03/2020,7985,724,463,9172,"1,10","46,21%","6,90%","8,33%",,1598,719,102,20,97,38,1797,778,"1,11","1,21%","0,40%","0,94%","0,02%","21,89%","27,26%"
15,10/03/2020,8514,1004,631,10149,"1,12","14,09%","8,06%","9,96%",,529,-364,280,159,168,89,977,-115,"1,11","1,15%","0,24%","1,64%","0,58%","-9,59%","-32,12%"
16,11/03/2020,10590,1045,827,12462,"1,11","18,66%","9,33%","11,68%",,2076,950,41,-69,196,93,2313,974,"1,11","1,28%","0,25%","1,72%","0,53%","-5,58%","4,58%"
17,12/03/2020,12839,1258,1016,15113,"1,11","20,62%","10,63%","13,10%",,2249,886,213,92,189,65,2651,1043,"1,11","1,30%","0,19%","1,42%","0,12%","-2,22%","1,96%"
18,13/03/2020,14955,1439,1266,17660,"1,12","22,19%","11,87%","15,08%",,2116,539,181,50,250,97,2547,686,"1,11","1,24%","0,09%","1,99%","0,58%","-1,03%","1,57%"
19,14/03/2020,17750,1966,1441,21157,"1,12","29,93%","13,39%","17,24%",,2795,982,527,330,175,2,3497,1315,"1,11","1,51%","0,21%","2,16%","0,61%","5,56%","7,74%"
20,15/03/2020,20603,2335,1809,24747,"1,12","22,82%","15,45%","18,99%",,2853,822,369,124,368,162,3590,1108,"1,11","2,06%","0,67%","1,75%","0,09%","-2,11%","-7,11%"
21,16/03/2020,23073,2749,2158,27980,"1,13","24,75%","17,63%","21,02%",,2470,315,414,125,349,107,3233,546,"1,12","2,18%","0,65%","2,03%","0,22%","2,88%","1,93%"
22,17/03/2020,26062,2941,2503,31506,"1,14","32,97%","20,62%","23,40%",,2989,482,192,-85,345,78,3526,475,"1,12","2,99%","1,19%","2,37%","0,45%","8,40%","8,22%"
23,18/03/2020,28710,4025,2978,35713,"1,14","24,92%","22,97%","25,64%",,2648,59,1084,658,475,168,4207,885,"1,12","2,35%","0,40%","2,24%","0,24%","-0,54%","-8,05%"
24,19/03/2020,33190,4440,3405,41035,"1,14","30,88%","25,20%","28,37%",,4480,1573,415,-40,427,86,5322,1619,"1,12","2,23%","0,15%","2,74%","0,55%","3,95%","5,96%"
25,20/03/2020,37860,5129,4032,47021,"1,14","24,83%","25,62%","30,16%",,4670,1398,689,162,627,232,5986,1792,"1,12","0,42%","-1,54%","1,78%","-0,37%","-2,47%","-6,05%"
26,21/03/2020,42681,6072,4825,53578,"1,13","24,90%","28,32%","32,45%",,4821,1259,943,356,793,310,6557,1925,"1,12","2,70%","0,57%","2,29%","0,12%","-1,68%","0,07%"
27,22/03/2020,46638,7024,5476,59138,"1,14","22,08%","31,73%","34,18%",,3957,238,952,282,651,127,5560,647,"1,13","3,42%","1,09%","1,73%","-0,44%","-4,39%","-2,82%"
28,23/03/2020,50418,7432,6077,63927,"1,15","28,06%","33,09%","36,39%",,3780,-126,408,-261,601,41,4789,-346,"1,13","1,35%","-0,86%","2,21%","0,02%","1,11%","5,98%"
29,24/03/2020,54030,8326,6820,69176,"1,16","24,42%","35,08%","38,57%",,3612,-383,894,125,743,126,5249,-132,"1,13","1,99%","-0,07%","2,18%","0,01%","-1,31%","-3,64%"
30,25/03/2020,57521,9362,7503,74386,"1,17","18,96%","36,96%","39,63%",,3491,-625,1036,274,683,37,5210,-315,"1,14","1,88%","-0,12%","1,06%","-0,94%","-5,92%","-5,46%"
31,26/03/2020,62013,10361,8165,80539,"1,17","16,80%","39,58%","41,03%",,4492,374,999,153,662,-18,6153,510,"1,14","2,62%","0,57%","1,40%","-0,41%","-6,06%","-2,15%"
32,27/03/2020,66414,10950,9134,86498,"1,19","18,05%","41,62%","42,39%",,4401,322,589,-243,969,240,5959,319,"1,15","2,04%","-0,25%","1,36%","-0,38%","-3,85%","1,24%"
33,28/03/2020,70065,12384,10023,92472,"1,20","16,85%","42,65%","43,80%",,3651,-261,1434,532,889,146,5974,418,"1,15","1,03%","-1,01%","1,41%","-0,21%","-3,89%","-1,19%"
34,29/03/2020,73880,13030,10779,97689,"1,20","21,29%","43,79%","44,37%",,3815,-77,646,-212,756,-2,5217,-290,"1,16","1,14%","-0,59%","0,57%","-0,89%","0,66%","4,44%"
35,30/03/2020,75528,14620,11591,101739,"1,21","17,36%","44,44%","45,22%",,1648,-1939,1590,563,812,24,4050,-1352,"1,16","0,65%","-0,97%","0,85%","-0,41%","-1,74%","-3,93%"
36,31/03/2020,77635,15729,12428,105792,"1,21","13,69%","45,08%","45,70%",,2107,-1265,1109,51,837,36,4053,-1178,"1,17","0,63%","-0,79%","0,48%","-0,54%","-3,88%","-3,67%"
37,01/04/2020,80572,16847,13155,110574,"1,20","13,88%","45,42%","45,83%",,2937,-356,1118,49,727,-80,4782,-388,"1,17","0,34%","-0,87%","0,14%","-0,75%","-2,97%","0,19%"
38,02/04/2020,83049,18278,13915,115242,"1,20","11,73%","45,64%","46,04%",,2477,-528,1431,300,760,-61,4668,-290,"1,18","0,22%","-0,65%","0,20%","-0,51%","-4,39%","-2,15%"
39,03/04/2020,85388,19758,14681,119827,"1,20","11,87%","45,96%","46,21%",,2339,-372,1480,222,766,-26,4585,-176,"1,18","0,32%","-0,30%","0,17%","-0,37%","-3,37%","0,15%"
40,04/04/2020,88274,20996,15362,124632,"1,19","12,86%","46,39%","45,37%",,2886,285,1238,8,681,-82,4805,211,"1,19","0,43%","-0,10%","-0,84%","-1,06%","-1,81%","0,98%"
41,05/04/2020,91246,21815,15887,128948,"1,17","12,61%","46,29%","45,17%",,2972,491,819,-436,525,-205,4316,-150,"1,19","-0,10%","-0,45%","-0,19%","-0,31%","-0,82%","-0,25%"
42,06/04/2020,93187,22837,16523,132547,"1,16","11,89%","46,33%","44,28%",,1941,-582,1022,-152,636,-69,3599,-802,"1,19","0,04%","-0,23%","-0,90%","-0,76%","-0,76%","-0,72%"
43,07/04/2020,94067,24392,17127,135586,"1,16","9,01%","45,92%","43,07%",,880,-1467,1555,317,604,-67,3039,-1217,"1,19","-0,41%","-0,53%","-1,20%","-0,83%","-2,96%","-2,87%"
44,08/04/2020,95262,26491,17669,139422,"1,15","7,42%","45,55%","41,95%",,1195,-904,2099,721,542,-103,3836,-285,"1,19","-0,37%","-0,39%","-1,12%","-0,57%","-3,63%","-1,59%"
45,09/04/2020,96877,28470,18279,143626,"1,14","9,09%","45,41%","40,95%",,1615,-360,1979,523,610,-13,4204,149,"1,18","-0,14%","-0,11%","-1,00%","-0,27%","-1,59%","1,67%"
46,10/04/2020,98273,30455,18849,147577,"1,13","7,39%","45,16%","39,72%",,1396,-445,1985,457,570,-25,3951,-13,"1,18","-0,25%","-0,14%","-1,23%","-0,30%","-2,65%","-1,71%"
47,11/04/2020,100269,32534,19468,152271,"1,12","8,29%","45,00%","38,40%",,1996,282,2079,431,619,32,4694,746,"1,17","-0,16%","0,04%","-1,32%","-0,32%","-1,09%","0,91%"
48,12/04/2020,102253,34211,19899,156363,"1,11","8,76%","44,53%","37,97%",,1984,412,1677,-94,431,-142,4092,176,"1,17","-0,47%","-0,22%","-0,43%","0,60%","-0,08%","0,47%"
49,13/04/2020,103616,35435,20465,159516,"1,10","8,59%","44,81%","37,03%",,1363,-127,1224,-576,566,3,3153,-700,"1,16","0,28%","0,50%","-0,94%","0,09%","0,22%","-0,17%"
50,14/04/2020,104291,37130,21067,162488,"1,09","11,10%","44,79%","36,19%",,675,-786,1695,-125,602,39,2972,-871,"1,15","-0,02%","0,14%","-0,84%","0,14%","2,44%","2,51%"
51,15/04/2020,105418,38092,21645,165155,"1,09","6,10%","44,20%","34,97%",,1127,-324,962,-695,578,10,2667,-1009,"1,14","-0,59%","-0,40%","-1,22%","-0,22%","-2,37%","-5,00%"
52,16/04/2020,106607,40164,22170,168941,"1,08","6,21%","43,00%","33,35%",,1189,-201,2072,401,525,-31,3786,170,"1,14","-1,20%","-0,86%","-1,62%","-0,54%","-1,85%","0,11%"
53,17/04/2020,106962,42727,22745,172434,"1,08","5,32%","41,23%","31,94%",,355,-886,2563,810,575,18,3493,-58,"1,13","-1,77%","-1,21%","-1,41%","-0,30%","-2,45%","-0,89%"
54,18/04/2020,107771,44927,23227,175925,"1,08","5,66%","39,99%","31,04%",,809,-263,2200,430,482,-55,3491,112,"1,12","-1,25%","-0,53%","-0,90%","0,15%","-1,73%","0,34%"
55,19/04/2020,108257,47055,23660,178972,"1,08","6,01%","40,03%","29,93%",,486,-372,2128,293,433,-104,3047,-183,"1,11","0,04%","0,68%","-1,11%","0,04%","-0,99%","0,35%"
56,20/04/2020,108237,48877,24114,181228,"1,07","5,44%","39,82%","29,23%",,-20,-680,1822,-98,454,-67,2256,-846,"1,11","-0,20%","0,51%","-0,70%","0,41%","-1,11%","-0,57%"
57,21/04/2020,107709,51600,24648,183957,"1,06","5,24%","38,59%","28,07%",,-528,-1016,2723,656,534,22,2729,-338,"1,10","-1,23%","-0,35%","-1,16%","0,00%","-0,47%","-0,20%"
58,22/04/2020,107699,54543,25085,187327,"1,05","5,34%","38,06%","27,08%",,-10,-336,2943,593,437,-54,3370,203,"1,09","-0,53%","0,35%","-0,99%","0,14%","-0,26%","0,11%"
59,23/04/2020,106848,57576,25549,189973,"1,04","3,97%","36,57%","25,75%",,-851,-885,3033,546,464,-19,2646,-359,"1,08","-1,49%","-0,57%","-1,33%","-0,24%","-1,31%","-1,37%"
60,24/04/2020,106527,60498,25969,192994,"1,03","4,84%","35,29%","24,68%",,-321,-259,2922,383,420,-41,3021,84,"1,08","-1,28%","-0,43%","-1,07%","-0,03%","-0,37%","0,87%"
61,25/04/2020,105847,63120,26384,195351,"1,02","3,60%","34,43%","23,88%",,-680,-405,2622,23,415,-36,2357,-418,"1,07","-0,86%","-0,06%","-0,81%","0,22%","-1,31%","-1,23%"
62,26/04/2020,106103,64928,26644,197675,"1,01","4,66%","34,17%","22,82%",,256,564,1808,-745,260,-166,2324,-348,"1,06","-0,26%","0,58%","-1,06%","-0,04%","-0,07%","1,05%"
63,27/04/2020,105813,66624,26977,199414,"1,00","5,43%","32,54%","22,22%",,-290,56,1696,-839,333,-76,1739,-859,"1,06","-1,63%","-0,59%","-0,60%","0,40%","0,71%","0,78%"
64,28/04/2020,105205,68941,27359,201505,"0,99","3,65%","31,54%","21,16%",,-608,-250,2317,-160,382,-5,2091,-416,"1,05","-1,01%","0,00%","-1,06%","-0,07%","-0,85%","-1,78%"
65,29/04/2020,104657,71252,27682,203591,"0,99","3,27%","30,72%","20,39%",,-548,-113,2311,-76,323,-48,2086,-237,"1,04","-0,82%","0,23%","-0,77%","0,18%","-0,93%","-0,38%"
66,30/04/2020,101551,75945,27967,205463,"0,98","2,73%","29,02%","19,24%",,-3106,-2349,4693,2069,285,-60,1872,-341,"1,03","-1,70%","-0,62%","-1,15%","-0,22%","-1,29%","-0,53%"
67,01/05/2020,100943,78249,28236,207428,"0,97","2,65%","28,09%","17,92%",,-608,190,2304,-232,269,-55,1965,-97,"1,03","-0,93%","0,10%","-1,32%","-0,35%","-1,07%","-0,09%"
68,02/05/2020,100704,79914,28710,209328,"0,97","3,43%","27,75%","17,48%",,-239,496,1665,-734,474,142,1900,-97,"1,02","-0,34%","0,61%","-0,44%","0,47%","-0,26%","0,78%"
69,03/05/2020,100179,81654,28884,210717,"0,96","3,09%","27,57%","17,05%",,-525,321,1740,-649,174,-146,1389,-474,"1,01","-0,18%","0,76%","-0,43%","0,39%","-0,37%","-0,34%"
70,04/05/2020,99980,82879,29079,211938,"0,96","3,24%","26,90%","16,80%",,-199,634,1225,-1097,195,-105,1221,-568,"1,00","-0,67%","0,14%","-0,25%","0,52%","0,09%","0,15%"
71,05/05/2020,98467,85231,29315,213013,"0,95","1,95%","26,02%","16,21%",,-1513,-550,2352,25,236,-43,1075,-569,"0,99","-0,88%","-0,10%","-0,59%","0,12%","-0,96%","-1,30%"
72,06/05/2020,91528,93245,29684,214457,"0,93","2,25%","25,21%","15,14%",,-6939,-5063,8014,4872,369,83,1444,-108,"0,99","-0,80%","-0,02%","-1,07%","-0,32%","-0,52%","0,30%"
73,07/05/2020,89624,96276,29958,215858,"0,92","1,99%","24,26%","14,89%",,-1904,-200,3031,127,274,-10,1401,-84,"0,98","-0,95%","-0,27%","-0,25%","0,37%","-0,67%","-0,26%"
74,08/05/2020,87961,99023,30201,217185,"0,91","2,08%","23,40%","13,27%",,-1663,192,2747,-221,243,-38,1327,-67,"0,97","-0,86%","-0,19%","-1,62%","-0,96%","-0,49%","0,09%"
75,09/05/2020,84842,103031,30395,218268,"0,90","1,57%","22,12%","11,74%",,-3119,-853,4008,706,194,-47,1083,-194,"0,96","-1,28%","-0,48%","-1,52%","-0,70%","-0,74%","-0,52%"
76,10/05/2020,83324,105186,30560,219070,"0,88","1,55%","21,78%","11,67%",,-1518,890,2155,-1207,165,-74,802,-391,"0,95","-0,35%","0,48%","-0,08%","0,69%","-0,54%","-0,01%"
77,11/05/2020,82488,106587,30739,219814,"0,87","1,83%","21,65%","11,35%",,-836,1663,1401,-1986,179,-58,744,-381,"0,94","-0,13%","0,62%","-0,32%","0,46%","-0,06%","0,27%"
78,12/05/2020,81266,109039,30911,221216,"0,86","2,09%","20,57%","10,81%",,-1222,1235,2452,-949,172,-56,1402,230,"0,93","-1,08%","-0,30%","-0,53%","0,24%","0,18%","0,27%"
79,13/05/2020,78457,112541,31106,222104,"0,86","1,43%","19,46%","10,14%",,-2809,-942,3502,745,195,-8,888,-204,"0,92","-1,11%","-0,29%","-0,67%","0,04%","-0,36%","-0,66%"
80,14/05/2020,76440,115288,31368,223096,"0,85","1,38%","18,31%","9,71%",,-2017,-134,2747,31,262,61,992,-42,"0,91","-1,15%","-0,30%","-0,43%","0,31%","-0,32%","-0,05%"
81,15/05/2020,72070,120205,31610,223885,"0,84","1,16%","17,26%","9,18%",,-4370,-2100,4917,1891,242,41,789,-168,"0,90","-1,06%","-0,18%","-0,53%","0,05%","-0,42%","-0,22%"
82,16/05/2020,70187,122810,31763,224760,"0,84","1,26%","16,63%","8,80%",,-1883,211,2605,-221,153,-42,875,-52,"0,90","-0,63%","0,16%","-0,37%","0,05%","-0,26%","0,11%"
83,17/05/2020,68351,125176,31908,225435,"0,84","1,12%","16,49%","8,66%",,-1836,303,2366,-490,145,-48,675,-234,"0,89","-0,14%","0,61%","-0,15%","0,28%","-0,35%","-0,14%"
84,18/05/2020,66553,127326,32007,225886,"0,84","1,24%","16,32%","8,51%",,-1798,478,2150,-813,99,-82,451,-416,"0,88","-0,17%","0,59%","-0,15%","0,26%","-0,15%","0,12%"
85,19/05/2020,65129,129401,32169,226699,"0,83","1,29%","15,98%","8,13%",,-1424,881,2075,-834,162,-18,813,30,"0,87","-0,35%","0,31%","-0,37%","0,01%","0,02%","0,05%"
86,20/05/2020,62752,132282,32330,227364,"0,82","0,99%","15,39%","7,68%",,-2377,-133,2881,61,161,-14,665,-86,"0,86","-0,59%","0,00%","-0,45%","-0,10%","-0,22%","-0,30%"
87,21/05/2020,60960,134560,32486,228006,"0,82","0,90%","14,82%","7,27%",,-1792,419,2278,-475,156,-4,642,-59,"0,85","-0,57%","-0,07%","-0,41%","-0,06%","-0,24%","-0,09%"
88,22/05/2020,59322,136720,32616,228658,"0,82","0,86%","14,32%","6,76%",,-1638,183,2160,-199,130,-14,652,-30,"0,85","-0,50%","-0,08%","-0,51%","-0,17%","-0,23%","-0,03%"
89,23/05/2020,57752,138840,32735,229327,"0,81","0,92%","13,90%","6,50%",,-1570,206,2120,-170,119,-20,669,17,"0,84","-0,42%","-0,03%","-0,26%","0,07%","-0,12%","0,06%"
90,24/05/2020,56594,140479,32785,229858,"0,81","0,95%","13,77%","6,28%",,-1158,522,1639,-547,50,-75,531,-101,"0,84","-0,13%","0,26%","-0,22%","0,12%","-0,07%","0,03%"
91,25/05/2020,55300,141981,32877,230158,"0,82","0,85%","13,09%","6,14%",,-1294,314,1502,-592,92,-32,300,-310,"0,83","-0,68%","-0,22%","-0,14%","0,20%","-0,11%","-0,10%"
92,26/05/2020,52942,144658,32955,230555,"0,81","0,69%","12,66%","5,92%",,-2358,-617,2677,497,78,-34,397,-154,"0,83","-0,43%","0,05%","-0,23%","0,09%","-0,19%","-0,16%"
93,27/05/2020,50966,147101,33072,231139,"0,81","0,87%","12,36%","5,74%",,-1976,-292,2443,326,117,11,584,45,"0,83","-0,30%","0,13%","-0,18%","0,10%","0,00%","0,18%"
94,28/05/2020,47986,150604,33142,231732,"0,81","0,78%","11,80%","5,55%",,-2980,-1127,3503,1211,70,-24,593,61,"0,82","-0,56%","-0,13%","-0,18%","0,06%","-0,07%","-0,09%"
95,29/05/2020,46175,152844,33229,232248,"0,81","0,72%","11,34%","5,40%",,-1811,67,2240,-63,87,-1,516,3,"0,82","-0,46%","-0,03%","-0,16%","0,04%","-0,11%","-0,07%"
96,30/05/2020,43691,155633,33340,232664,"0,80","0,60%","10,68%","5,11%",,-2484,-475,2789,390,111,25,416,-61,"0,82","-0,66%","-0,20%","-0,28%","-0,09%","-0,18%","-0,12%"
97,31/05/2020,42097,157507,33415,233019,"0,79","0,66%","10,21%","4,94%",,-1594,477,1874,-559,75,-15,355,-97,"0,81","-0,47%","0,04%","-0,17%","0,02%","-0,08%","0,06%"
98,01/06/2020,41367,158355,33475,233197,"0,79","0,57%","9,75%","4,82%",,-730,1260,848,-1491,60,-25,178,-256,"0,81","-0,46%","0,02%","-0,12%","0,06%","-0,13%","-0,09%"
99,02/06/2020,39893,160092,33530,233515,"0,78","0,61%","9,46%","4,63%",,-1474,390,1737,-468,55,-27,318,-105,"0,81","-0,29%","0,16%","-0,18%","0,00%","-0,08%","0,04%"
100,03/06/2020,39297,160938,33601,233836,"0,78","0,86%","9,18%","4,01%",,-596,1071,846,-1131,71,-5,321,-64,"0,80","-0,28%","0,18%","-0,62%","-0,38%","0,18%","0,25%"
101,04/06/2020,38429,161895,33689,234013,"0,76","0,35%","8,80%","3,84%",,-868,497,957,-656,88,10,177,-149,"0,80","-0,38%","0,05%","-0,17%","0,07%","-0,27%","-0,51%"
102,05/06/2020,36976,163781,33774,234531,"0,77","0,80%","8,48%","3,59%",,-1453,-139,1886,324,85,7,518,192,"0,80","-0,32%","0,09%","-0,25%","0,01%","0,16%","0,44%"
103,06/06/2020,35877,165078,33846,234801,"0,77","0,37%","8,00%","3,33%",,-1099,17,1297,-52,72,0,270,-35,"0,79","-0,48%","-0,09%","-0,26%","-0,01%","-0,23%","-0,42%"
104,07/06/2020,35262,165837,33899,234998,"0,77","0,40%","7,78%","3,26%",,-615,361,759,-431,53,-16,197,-86,"0,79","-0,22%","0,13%","-0,07%","0,17%","-0,17%","0,03%"
105,08/06/2020,34730,166584,33964,235278,"0,79","1,03%","7,56%","3,21%",,-532,416,747,-429,65,-5,280,-17,"0,79","-0,22%","0,10%","-0,05%","0,18%","0,40%","0,63%"
106,09/06/2020,32872,168646,34043,235561,"0,79","0,51%","7,33%","2,99%",,-1858,-855,2062,840,79,6,283,-9,"0,79","-0,24%","0,07%","-0,23%","0,01%","-0,10%","-0,52%"
107,10/06/2020,31710,169939,34114,235763,"0,79","0,32%","6,91%","2,83%",,-1162,-78,1293,7,71,-2,202,-73,"0,79","-0,42%","-0,09%","-0,16%","0,01%","-0,22%","-0,19%"
108,11/06/2020,30637,171338,34167,236142,"0,81","0,61%","6,61%","2,68%",,-1073,40,1399,50,53,-15,379,75,"0,79","-0,30%","0,01%","-0,15%","0,02%","0,03%","0,28%"
109,12/06/2020,28997,173085,34223,236305,"0,79","0,23%","6,22%","2,58%",,-1640,-500,1747,418,56,-8,163,-90,"0,78","-0,38%","-0,06%","-0,10%","0,04%","-0,27%","-0,38%"
110,13/06/2020,27485,174865,34301,236651,"0,79","0,70%","5,99%","2,50%",,-1512,-313,1780,382,78,13,346,82,"0,78","-0,23%","0,05%","-0,08%","0,04%","0,15%","0,46%"
111,14/06/2020,26274,176370,34345,236989,"0,80","0,60%","5,75%","2,37%",,-1211,73,1505,0,44,-20,338,54,"0,78","-0,24%","0,05%","-0,12%","0,00%","0,03%","-0,10%"
112,15/06/2020,25909,177010,34371,237290,"0,79","1,08%","5,58%","2,35%",,-365,895,640,-849,26,-32,303,15,"0,78","-0,17%","0,12%","-0,02%","0,10%","0,50%","0,48%"
113,16/06/2020,24569,178526,34405,237500,"0,79","0,45%","5,28%","2,01%",,-1340,-154,1516,105,34,-18,210,-67,"0,79","-0,30%","-0,01%","-0,34%","-0,20%","-0,12%","-0,63%"
114,17/06/2020,23925,179455,34448,237828,"0,79","0,42%","4,98%","1,85%",,-644,468,929,-430,43,-5,329,34,"0,79","-0,30%","-0,02%","-0,16%","-0,02%","-0,16%","-0,02%"
115,18/06/2020,23101,180544,34514,238159,"0,79","0,57%","4,58%","1,91%",,-824,253,1089,-226,66,16,333,44,"0,79","-0,39%","-0,10%","0,06%","0,17%","-0,01%","0,15%"
116,19/06/2020,21543,181907,34561,238011,"0,78","0,44%","4,21%","1,83%",,-1558,-493,1363,103,47,-1,251,-50,"0,79","-0,38%","-0,09%","-0,08%","0,03%","-0,17%","-0,14%"
117,20/06/2020,21212,182453,34610,238275,"0,78","0,48%","3,96%","1,73%",,-331,565,546,-538,49,5,262,-27,"0,79","-0,25%","0,04%","-0,10%","0,01%","-0,10%","0,04%"
118,21/06/2020,20972,182893,34634,238499,"0,78","0,55%","3,70%","1,68%",,-240,517,440,-492,24,-17,224,-49,"0,79","-0,26%","0,04%","-0,05%","0,05%","-0,02%","0,07%"
119,22/06/2020,20637,183426,34657,238720,"0,78","0,75%","3,26%","1,44%",,-335,418,533,-384,23,-18,218,-43,"0,79","-0,44%","-0,11%","-0,24%","-0,11%","0,23%","0,20%"
120,23/06/2020,19573,184585,34675,238833,"0,78","0,30%","2,96%","1,31%",,-1064,-350,1159,293,18,-21,122,-126,"0,79","-0,30%","0,03%","-0,14%","-0,04%","-0,20%","-0,45%"
121,24/06/2020,18655,186111,34644,239410,"0,80","0,36%","2,57%","1,22%",,-918,-165,1526,575,-31,-59,190,-39,"0,79","-0,39%","-0,05%","-0,09%","0,00%","-0,14%","0,06%"
122,25/06/2020,18303,186725,34678,239706,"0,80","0,53%","2,42%","1,17%",,-352,333,614,-269,34,11,296,73,"0,79","-0,15%","0,16%","-0,05%","0,06%","0,04%","0,17%"
123,26/06/2020,17638,187615,34708,239961,"0,83","0,49%","2,17%","1,19%",,-665,-107,890,75,30,9,259,35,"0,79","-0,25%","0,04%","0,02%","0,11%","0,00%","-0,04%"
124,27/06/2020,16836,188584,34716,240136,"0,83","0,29%","2,01%","1,10%",,-802,-177,969,93,8,-7,175,-37,"0,79","-0,15%","0,12%","-0,09%","0,00%","-0,18%","-0,21%"
125,28/06/2020,16681,188891,34738,240310,"0,83","0,47%","1,85%","1,11%",,-155,458,307,-550,22,7,174,-31,"0,80","-0,16%","0,10%","0,01%","0,09%","0,01%","0,18%"
126,29/06/2020,16496,189196,34744,240436,"0,83","0,46%","1,79%","1,09%",,-185,407,305,-519,6,-6,126,-66,"0,80","-0,06%","0,15%","-0,02%","0,03%","0,05%","0,00%"
127,30/06/2020,15563,190248,34767,240578,"0,84","0,29%","1,74%","1,06%",,-933,-360,1052,243,23,10,142,-53,"0,80","-0,05%","0,13%","-0,03%","0,00%","-0,12%","-0,17%"
128,01/07/2020,15255,190717,34788,240760,"0,82","0,34%","1,64%","0,99%",,-308,178,469,-189,21,0,187,-7,"0,81","-0,10%","0,03%","-0,07%","-0,04%","-0,07%","0,04%"
129,02/07/2020,15060,191083,34818,240961,"0,82","0,38%","1,54%","0,93%",,-195,268,366,-257,30,10,201,20,"0,81","-0,10%","0,03%","-0,06%","-0,02%","-0,01%","0,04%"
130,03/07/2020,14884,191467,34833,241184,"0,82","0,45%","1,53%","0,90%",,-176,217,384,-166,15,-3,223,48,"0,81","-0,01%","0,08%","-0,03%","0,01%","0,06%","0,07%"
131,04/07/2020,14621,191944,34854,241419,"0,83","0,45%","1,50%","0,81%",,-263,53,477,-3,21,1,235,51,"0,81","-0,03%","0,05%","-0,09%","-0,05%","0,05%","0,01%"
132,05/07/2020,14642,192108,34861,241611,"0,84","0,51%","1,51%","0,84%",,21,312,164,-296,7,-11,192,5,"0,82","0,01%","0,06%","0,03%","0,07%","0,10%","0,06%"
133,06/07/2020,14709,192241,34869,241819,"0,85","0,94%","1,51%","0,82%",,67,322,133,-302,8,-10,208,10,"0,82","0,00%","0,04%","-0,02%","0,02%","0,46%","0,43%"
134,07/07/2020,14242,192815,34899,241956,"0,87","0,32%","1,50%","0,80%",,-467,-278,574,207,30,11,138,-60,"0,83","-0,01%","0,02%","-0,02%","0,01%","-0,16%","-0,62%"
135,08/07/2020,13595,193640,34914,242149,"0,88","0,38%","1,44%","0,81%",,-647,-410,825,407,15,-3,193,-6,"0,84","-0,07%","-0,04%","0,01%","0,04%","-0,11%","0,06%"
136,09/07/2020,13459,193978,34926,242363,"0,88","0,44%","1,39%","0,78%",,-136,93,338,-76,12,-3,229,26,"0,84","-0,04%","-0,02%","-0,02%","0,00%","-0,06%","0,05%"
137,10/07/2020,13428,194273,34938,242639,"0,89","0,58%","1,35%","0,74%",,-31,177,295,-106,12,-3,276,66,"0,85","-0,04%","-0,02%","-0,05%","-0,02%","0,06%","0,14%"
138,11/07/2020,13303,194579,34945,242827,"0,90","0,41%","1,32%","0,76%",,-125,63,306,-70,7,-6,188,-15,"0,85","-0,03%","0,00%","0,02%","0,03%","-0,10%","-0,17%"
139,12/07/2020,13179,194928,34954,243061,"0,90","0,61%","1,24%","0,77%",,-124,85,349,-54,9,-4,234,25,"0,86","-0,08%","-0,04%","0,01%","0,02%","0,09%","0,20%"
140,13/07/2020,13157,195106,34967,243230,"0,90","0,71%","1,23%","0,74%",,-22,200,178,-231,13,-1,169,-35,"0,86","-0,01%","0,03%","-0,03%","-0,02%","0,21%","0,09%"
141,14/07/2020,12919,195441,34984,243344,"0,90","0,27%","1,24%","0,68%",,-238,-49,335,-40,17,5,114,-86,"0,86","0,01%","0,05%","-0,06%","-0,04%","-0,21%","-0,43%"
142,15/07/2020,12493,196016,34997,243506,"0,90","0,34%","1,27%","0,65%",,-426,-269,575,236,13,1,163,-33,"0,87","0,03%","0,06%","-0,03%","-0,01%","-0,14%","0,06%"
143,16/07/2020,12473,196246,35017,243736,"0,91","0,46%","1,20%","0,60%",,-20,121,230,-94,20,7,230,34,"0,88","-0,08%","-0,05%","-0,05%","-0,02%","-0,03%","0,12%"
144,17/07/2020,12456,196483,35028,243967,"0,91","0,46%","1,23%","0,57%",,-17,122,237,-79,11,-2,233,43,"0,88","0,03%","0,05%","-0,03%","-0,01%","-0,01%","0,00%"
145,18/07/2020,12368,196806,35042,244216,"0,92","0,52%","1,21%","0,57%",,-88,46,323,5,14,0,249,50,"0,89","-0,02%","-0,01%","0,00%","0,03%","0,04%","0,06%"
146,19/07/2020,12440,196949,35045,244434,"0,92","0,62%","1,19%","0,56%",,72,178,143,-146,3,-10,219,22,"0,90","-0,02%","-0,01%","-0,01%","0,02%","0,14%","0,10%"
147,20/07/2020,12404,197162,35058,244624,"0,93","0,78%","1,19%","0,53%",,-36,72,213,-81,13,0,190,-10,"0,90","0,00%","0,01%","-0,02%","0,01%","0,29%","0,17%"
148,21/07/2020,12248,197431,35073,244752,"0,93","0,30%","1,17%","0,56%",,-156,-60,269,-15,15,2,129,-73,"0,91","-0,02%","-0,01%","0,02%","0,04%","-0,20%","-0,48%"
149,22/07/2020,12322,197628,35082,245032,"0,95","0,57%","1,16%","0,55%",,74,98,197,-33,9,-3,282,63,"0,91","-0,01%","0,00%","-0,01%","0,00%","0,04%","0,27%"
150,23/07/2020,12404,197842,35092,245338,"0,96","0,51%","1,14%","0,56%",,82,92,214,-14,10,-1,306,76,"0,92","-0,02%","-0,01%","0,01%","0,02%","-0,03%","-0,06%"
151,24/07/2020,12301,198192,35097,245590,"0,96","0,47%","1,14%","0,52%",,-103,-81,350,106,5,-5,252,20,"0,92","0,00%","0,01%","-0,03%","-0,03%","-0,07%","-0,03%"
152,25/07/2020,12442,198320,35102,245864,"0,97","0,53%","1,17%","0,47%",,141,130,128,-88,5,-4,275,39,"0,93","0,03%","0,03%","-0,06%","-0,04%","-0,01%","0,06%"
153,26/07/2020,12565,198446,35107,246118,"0,98","0,63%","1,18%","0,50%",,123,105,126,-88,5,-4,255,14,"0,93","0,01%","0,01%","0,03%","0,04%","0,09%","0,10%"
154,27/07/2020,12581,198593,35112,246286,"0,99","0,67%","1,18%","0,51%",,16,-9,147,-57,5,-3,170,-68,"0,94","0,01%","0,01%","0,01%","0,01%","0,14%","0,04%"
155,28/07/2020,12609,198756,35123,246488,"1,00","0,44%","1,20%","0,45%",,28,-24,163,-26,11,4,212,-38,"0,95","0,01%","0,01%","-0,06%","-0,04%","-0,11%","-0,23%"
156,29/07/2020,12616,199031,35129,246776,"1,01","0,52%","1,17%","0,43%",,7,-35,275,75,6,-1,289,38,"0,95","-0,03%","-0,03%","-0,02%","-0,01%","-0,02%","0,08%"
157,30/07/2020,12230,199796,35132,247158,"1,01","0,62%","1,20%","0,53%",,-386,-361,765,486,3,-3,386,123,"0,96","0,03%","0,02%","0,10%","0,11%","0,07%","0,11%"
158,31/07/2020,12422,199974,35141,247537,"1,01","0,62%","1,14%","0,47%",,192,175,178,-77,9,3,379,98,"0,97","-0,05%","-0,05%","-0,07%","-0,06%","0,05%","0,00%"
159,01/08/2020,12457,200229,35146,247832,"1,01","0,49%","1,13%","0,49%",,35,33,255,-18,5,-1,295,11,"0,97","-0,02%","-0,01%","0,02%","0,02%","-0,08%","-0,13%"
160,02/08/2020,12456,200460,35154,248070,"1,01","0,55%","1,13%","0,48%",,-1,15,231,-57,8,1,239,-42,"0,98","0,00%","0,01%","-0,01%","-0,01%","-0,01%","0,06%"
161,03/08/2020,12474,200589,35166,248229,"1,00","0,66%","1,17%","0,47%",,18,33,129,-156,12,4,159,-121,"0,99","0,04%","0,04%","-0,01%","0,00%","0,10%","0,11%"
162,04/08/2020,12482,200766,35171,248419,"1,00","0,43%","1,22%","0,47%",,8,26,177,-110,5,-2,190,-87,"0,99","0,04%","0,04%","0,00%","0,00%","-0,12%","-0,23%"
163,05/08/2020,12646,200976,35181,248803,"1,00","0,68%","1,22%","0,47%",,164,160,210,-68,10,3,384,94,"0,99","0,00%","0,00%","0,00%","0,00%","0,10%","0,25%"
164,06/08/2020,12694,201323,35187,249204,"1,00","0,69%","1,22%","0,48%",,48,-18,347,129,6,-2,402,109,"1,00","0,00%","-0,01%","0,01%","0,02%","0,10%","0,00%"
165,07/08/2020,12924,201642,35190,249756,"1,01","0,93%","1,25%","0,48%",,230,158,319,81,3,-4,552,235,"1,00","0,03%","0,01%","0,00%","0,00%","0,30%","0,25%"
166,08/08/2020,12953,201947,35203,250103,"1,01","0,65%","1,23%","0,49%",,29,-42,305,60,13,5,347,22,"1,00","-0,01%","-0,03%","0,01%","0,01%","-0,01%","-0,28%"
167,09/08/2020,13263,202098,35205,250566,"1,02","1,23%","1,22%","0,51%",,310,195,151,-83,2,-5,463,106,"1,01","-0,01%","-0,03%","0,02%","0,02%","0,48%","0,58%"
168,10/08/2020,13368,202248,35209,250825,"1,03","0,98%","1,25%","0,52%",,105,-23,150,-87,4,-2,259,-112,"1,01","0,03%","0,02%","0,01%","0,00%","0,18%","-0,25%"
169,11/08/2020,13561,202461,35215,251237,"1,04","1,01%","1,28%","0,56%",,193,39,213,-29,6,0,412,9,"1,01","0,04%","0,03%","0,03%","0,02%","0,13%","0,03%"
170,12/08/2020,13791,202697,35225,251713,"1,05","0,91%","1,25%","0,60%",,230,66,236,-10,10,4,481,64,"1,01","-0,04%","-0,04%","0,05%","0,03%","0,00%","-0,10%"
171,13/08/2020,14081,202923,35231,252235,"1,05","1,02%","1,26%","0,62%",,290,92,226,-3,6,0,523,89,"1,02","0,01%","0,01%","0,02%","0,00%","0,06%","0,11%"
172,14/08/2020,14249,203326,35234,252809,"1,06","1,23%","1,23%","0,64%",,168,-21,403,162,3,-3,574,137,"1,02","-0,02%","-0,02%","0,01%","-0,01%","0,22%","0,21%"
173,15/08/2020,14406,203640,35392,253438,"1,06","1,18%","1,22%","0,62%",,157,-51,314,72,158,131,629,152,"1,02","-0,01%","-0,01%","-0,01%","-0,03%","0,10%","-0,04%"
174,16/08/2020,14733,203786,35396,253915,"1,07","1,30%","1,26%","0,64%",,327,117,146,-95,4,-23,479,-1,"1,03","0,04%","0,03%","0,01%","-0,01%","0,21%","0,12%"
175,17/08/2020,14867,203968,35400,254235,"1,07","1,04%","1,30%","0,66%",,134,-80,182,-64,4,-23,320,-168,"1,03","0,04%","0,03%","0,02%","0,00%","-0,06%","-0,26%"
176,18/08/2020,15089,204142,35405,254636,"1,08","0,75%","1,35%","0,66%",,222,4,174,-66,5,-22,403,-84,"1,04","0,05%","0,04%","0,00%","-0,01%","-0,32%","-0,30%"
177,19/08/2020,15360,204506,35412,255278,"1,08","0,90%","1,38%","0,75%",,271,47,364,106,7,-20,642,132,"1,05","0,04%","0,02%","0,09%","0,07%","-0,16%","0,16%"
178,20/08/2020,16014,204686,35418,256118,"1,08","1,09%","1,41%","0,77%",,654,378,180,-72,6,-21,845,289,"1,05","0,03%","0,01%","0,02%","0,00%","0,02%","0,19%"
179,21/08/2020,16678,204960,35427,257065,"1,08","1,32%","1,47%","0,78%",,664,317,274,41,9,-19,947,338,"1,06","0,06%","0,02%","0,01%","-0,01%","0,23%","0,22%"
180,22/08/2020,17503,205203,35430,258136,"1,08","1,38%","1,48%","0,73%",,825,383,243,20,3,-2,1071,399,"1,06","0,01%","-0,03%","-0,06%","-0,07%","0,27%","0,06%"
181,23/08/2020,18438,205470,35437,259345,"1,08","1,80%","1,55%","0,78%",,935,406,267,26,7,1,1210,433,"1,07","0,08%","0,03%","0,06%","0,04%","0,61%","0,42%"
182,24/08/2020,19195,205662,35441,260298,"1,09","2,08%","1,67%","0,74%",,757,139,192,-50,4,-2,953,86,"1,07","0,12%","0,06%","-0,05%","-0,06%","0,75%","0,28%"
183,25/08/2020,19714,206015,35445,261174,"1,10","1,21%","1,69%","0,75%",,519,-142,353,85,4,-2,878,-57,"1,07","0,02%","-0,03%","0,01%","0,00%","-0,18%","-0,86%"
184,26/08/2020,20753,206329,35458,262540,"1,11","1,46%","1,69%","0,78%",,1039,269,314,54,13,6,1367,328,"1,08","0,00%","-0,05%","0,03%","0,03%","-0,01%","0,25%"
185,27/08/2020,21932,206554,35463,263949,"1,12","1,50%","1,81%","0,76%",,1179,334,225,-42,5,-1,1411,291,"1,08","0,12%","0,06%","-0,02%","-0,02%","-0,03%","0,04%"
186,28/08/2020,23035,206902,35472,265409,"1,13","1,51%","1,88%","0,84%",,1103,195,348,71,9,3,1462,269,"1,09","0,08%","0,02%","0,08%","0,07%","-0,06%","0,01%"
187,29/08/2020,24156,207224,35473,266853,"1,14","1,46%","1,87%","0,90%",,1121,171,322,33,1,-5,1444,198,"1,09","-0,02%","-0,07%","0,06%","0,03%","-0,12%","-0,05%"
188,30/08/2020,25205,207536,35477,268218,"1,16","1,78%","2,00%","0,98%",,1049,82,312,17,4,-2,1365,96,"1,10","0,13%","0,07%","0,08%","0,05%","0,21%","0,32%"
189,31/08/2020,26078,207653,35483,269214,"1,18","1,70%","2,06%","1,07%",,873,-110,117,-167,6,0,996,-279,"1,11","0,06%","0,00%","0,09%","0,04%","0,18%","-0,08%"
190,01/09/2020,26754,207944,35491,270189,"1,20","1,21%","2,21%","1,22%",,676,-330,291,15,8,1,978,-311,"1,12","0,15%","0,07%","0,15%","0,08%","-0,31%","-0,50%"
191,02/09/2020,27817,208201,35497,271515,"1,22","1,29%","2,30%","1,24%",,1063,54,257,-10,6,0,1326,43,"1,13","0,09%","0,00%","0,02%","-0,04%","-0,20%","0,08%"
192,03/09/2020,28915,208490,35507,272912,"1,23","1,51%","2,41%","1,36%",,1098,100,289,12,10,4,1397,116,"1,14","0,11%","0,02%","0,12%","0,04%","0,01%","0,22%"
193,04/09/2020,30099,209027,35518,274644,"1,22","1,53%","2,57%","1,37%",,1184,175,537,233,11,4,1733,413,"1,15","0,16%","0,07%","0,01%","-0,06%","0,04%","0,03%"
194,05/09/2020,31194,209610,35533,276337,"1,21","1,57%","2,59%","1,37%",,1095,90,583,242,15,6,1694,338,"1,16","0,02%","-0,08%","0,00%","-0,07%","0,06%","0,04%"
195,06/09/2020,32078,210015,35541,277634,"1,21","1,69%","2,69%","1,51%",,884,-98,405,51,8,-1,1297,-49,"1,17","0,10%","0,00%","0,14%","0,06%","0,19%","0,11%"
196,07/09/2020,32993,210238,35553,278784,"1,21","2,11%","2,75%","1,61%",,915,-73,223,-146,12,2,1108,-254,"1,17","0,06%","-0,04%","0,10%","0,02%","0,55%","0,42%"
197,08/09/2020,33789,210801,35563,280153,"1,19","1,48%","2,81%","1,62%",,796,-209,563,155,10,0,1370,-48,"1,18","0,07%","-0,02%","0,01%","-0,05%","-0,11%","-0,63%"
198,09/09/2020,34734,211272,35577,281583,"1,18","1,49%","2,84%","1,70%",,945,-43,471,32,14,3,1434,1,"1,19","0,03%","-0,05%","0,08%","0,01%","-0,13%","0,01%"
199,10/09/2020,35708,211885,35587,283180,"1,18","1,70%","2,94%","1,86%",,974,4,613,128,10,-1,1597,135,"1,19","0,09%","0,02%","0,16%","0,09%","0,04%","0,20%"
200,11/09/2020,36767,212432,35597,284796,"1,18","1,63%","2,96%","1,99%",,1059,106,547,61,10,-1,1616,171,"1,19","0,02%","-0,03%","0,12%","0,04%","-0,03%","-0,06%"
201,12/09/2020,37503,213191,35603,286297,"1,18","1,62%","3,12%","2,07%",,736,-165,759,247,6,-4,1501,83,"1,20","0,16%","0,09%","0,08%","-0,02%","-0,06%","-0,02%"
202,13/09/2020,38509,213634,35610,287753,"1,17","2,02%","3,27%","2,12%",,1006,87,443,-74,7,-3,1458,17,"1,20","0,15%","0,06%","0,06%","-0,03%","0,30%","0,40%"
203,14/09/2020,39187,213950,35624,288761,"1,17","2,22%","3,39%","2,24%",,678,-207,316,-214,14,4,1008,-418,"1,20","0,13%","0,04%","0,11%","0,02%","0,49%","0,20%"
204,15/09/2020,39712,214645,35633,289990,"1,17","1,53%","3,55%","2,28%",,525,-321,695,146,9,-1,1229,-177,"1,19","0,16%","0,05%","0,05%","-0,05%","-0,22%","-0,70%"
205,16/09/2020,40532,215265,35645,291442,"1,16","1,44%","3,65%","2,35%",,820,-8,620,50,12,2,1452,43,"1,19","0,10%","-0,02%","0,07%","-0,02%","-0,29%","-0,08%"
206,17/09/2020,41413,215954,35658,293025,"1,15","1,56%","3,75%","2,41%",,881,66,689,108,13,3,1585,178,"1,18","0,10%","-0,02%","0,06%","-0,02%","-0,16%","0,11%"
207,18/09/2020,42457,216807,35668,294932,"1,14","1,91%","3,82%","2,36%",,1044,231,853,228,10,0,1907,458,"1,18","0,06%","-0,06%","-0,05%","-0,10%","0,15%","0,35%"
208,19/09/2020,43161,217716,35692,296569,"1,13","1,59%","3,81%","2,44%",,704,-104,909,263,24,11,1638,170,"1,17","-0,01%","-0,11%","0,08%","0,03%","-0,17%","-0,32%"
209,20/09/2020,44098,218351,35707,298156,"1,12","1,90%","3,78%","2,52%",,937,139,635,-39,15,1,1587,100,"1,17","-0,02%","-0,10%","0,08%","0,02%","0,17%","0,32%"
210,21/09/2020,45079,218703,35724,299506,"1,12","2,42%","3,96%","2,64%",,981,139,352,-327,17,3,1350,-185,"1,16","0,18%","0,10%","0,11%","0,06%","0,65%","0,51%"
211,22/09/2020,45489,219670,35738,300897,"1,11","1,59%","4,16%","2,71%",,410,-415,967,249,14,-1,1392,-167,"1,15","0,21%","0,12%","0,08%","0,02%","-0,18%","-0,82%"
212,23/09/2020,46114,220665,35758,302537,"1,11","1,58%","4,25%","2,77%",,625,-172,995,224,20,4,1640,54,"1,15","0,09%","0,00%","0,06%","0,00%","-0,21%","-0,01%"
213,24/09/2020,46780,221762,35781,304323,"1,10","1,65%","4,37%","2,79%",,666,-101,1097,267,23,5,1786,172,"1,14","0,12%","0,03%","0,02%","-0,03%","-0,15%","0,07%"
214,25/09/2020,47718,222716,35801,306235,"1,10","1,78%","4,38%","2,77%",,938,186,954,110,20,1,1912,297,"1,14","0,01%","-0,07%","-0,02%","-0,08%","-0,01%","0,13%"
215,26/09/2020,48593,223693,35818,308104,"1,10","1,79%","4,39%","2,81%",,875,99,977,123,17,-1,1869,221,"1,13","0,01%","-0,07%","0,03%","-0,02%","-0,03%","0,01%"
216,27/09/2020,49618,224417,35835,309870,"1,10","2,01%","4,55%","2,89%",,1025,236,724,-143,17,-1,1766,92,"1,13","0,16%","0,05%","0,08%","0,03%","0,18%","0,22%"
217,28/09/2020,50323,225190,35851,311364,"1,09","2,92%","4,76%","3,00%",,705,-44,773,-154,16,-2,1494,-200,"1,12","0,21%","0,09%","0,11%","0,06%","1,02%","0,91%"
218,29/09/2020,50630,226506,35875,313011,"1,09","1,83%","4,87%","3,08%",,307,-427,1316,339,24,4,1648,-83,"1,12","0,11%","0,01%","0,08%","0,03%","-0,11%","-1,10%"
219,30/09/2020,51263,227704,35894,314861,"1,08","1,75%","4,87%","3,18%",,633,-103,1198,192,19,0,1851,90,"1,11","0,00%","-0,09%","0,10%","0,04%","-0,21%","-0,07%"
220,01/10/2020,52647,228844,35918,317409,"1,08","2,16%","4,95%","3,31%",,1384,546,1140,128,24,4,2548,678,"1,11","0,08%","0,00%","0,12%","0,05%","0,12%","0,40%"
221,02/10/2020,53997,229970,35941,319908,"1,08","2,08%","5,02%","3,34%",,1350,453,1126,90,23,3,2499,545,"1,10","0,07%","-0,02%","0,03%","-0,05%","0,00%","-0,08%"
222,03/10/2020,55566,231217,35968,322751,"1,07","2,39%","5,12%","3,37%",,1569,573,1247,172,27,6,2844,751,"1,10","0,10%","0,00%","0,03%","-0,05%","0,23%","0,31%"
223,04/10/2020,57429,231914,35986,325329,"1,07","2,78%","5,26%","3,44%",,1863,747,697,-374,18,-4,2578,369,"1,09","0,13%","0,03%","0,07%","-0,01%","0,51%","0,39%"
224,05/10/2020,58903,232681,36002,327586,"1,08","3,75%","5,58%","3,67%",,1474,248,767,-303,16,-6,2257,-61,"1,09","0,32%","0,20%","0,23%","0,13%","1,36%","0,97%"
225,06/10/2020,60134,234099,36030,330263,"1,08","2,68%","5,80%","3,62%",,1231,-127,1418,333,28,6,2677,212,"1,09","0,22%","0,09%","-0,05%","-0,12%","0,17%","-1,06%"
226,07/10/2020,62576,235303,36061,333940,"1,08","2,94%","6,05%","3,83%",,2442,826,1204,118,31,7,3678,952,"1,09","0,25%","0,08%","0,20%","0,11%","0,25%","0,25%"
227,08/10/2020,65952,236363,36083,338398,"1,09","3,48%","6,28%","4,07%",,3376,1475,1060,-14,22,-2,4458,1459,"1,09","0,23%","0,04%","0,24%","0,13%","0,61%","0,55%"
228,09/10/2020,70110,237549,36111,343770,"1,09","4,15%","6,53%","4,40%",,4158,1856,1186,103,28,4,5372,1963,"1,08","0,26%","0,04%","0,33%","0,18%","0,98%","0,67%"
229,10/10/2020,74829,238525,36140,349494,"1,09","4,30%","6,93%","4,43%",,4719,1967,976,-68,29,4,5724,1903,"1,08","0,40%","0,14%","0,03%","-0,12%","0,86%","0,15%"
230,11/10/2020,79075,239709,36166,354950,"1,10","5,21%","7,23%","4,77%",,4246,1154,1184,70,26,0,5456,1224,"1,08","0,29%","0,01%","0,34%","0,15%","1,43%","0,91%"
231,12/10/2020,82764,240600,36205,359569,"1,11","5,41%","7,71%","5,13%",,3689,280,891,-240,39,10,4619,50,"1,09","0,48%","0,18%","0,36%","0,15%","1,38%","0,19%"
232,13/10/2020,87193,242028,36246,365467,"1,12","5,24%","8,12%","5,84%",,4429,563,1428,295,41,10,5901,871,"1,09","0,41%","0,08%","0,70%","0,39%","0,85%","-0,16%"
233,14/10/2020,92445,244065,36289,372799,"1,12","4,82%","8,75%","6,12%",,5252,985,2037,785,43,10,7332,1780,"1,09","0,63%","0,24%","0,28%","-0,04%","0,16%","-0,43%"
234,15/10/2020,99266,245964,36372,381602,"1,13","5,40%","9,27%","6,66%",,6821,2062,1899,527,83,42,8804,2631,"1,09","0,52%","0,09%","0,53%","0,16%","0,47%","0,59%"
235,16/10/2020,107312,247872,36427,391611,"1,13","6,66%","9,88%","7,25%",,8046,2731,1908,433,55,10,10010,3175,"1,10","0,61%","0,13%","0,59%","0,18%","1,37%","1,25%"
236,17/10/2020,116935,249127,36474,402536,"1,13","6,59%","10,58%","8,01%",,9623,3608,1255,-260,47,-1,10925,3347,"1,10","0,70%","0,18%","0,76%","0,25%","0,97%","-0,07%"
237,18/10/2020,126237,251461,36543,414241,"1,13","7,99%","11,40%","8,52%",,9302,2565,2334,655,69,15,11705,3234,"1,11","0,82%","0,23%","0,51%","-0,02%","1,97%","1,40%"
238,19/10/2020,134003,252959,36616,423578,"1,14","9,45%","12,27%","9,05%",,7766,446,1498,-268,73,14,9338,193,"1,11","0,87%","0,22%","0,53%","-0,03%","2,85%","1,46%"
239,20/10/2020,142739,255005,36705,434449,"1,15","7,51%","13,52%","9,88%",,8736,801,2046,192,89,23,10874,1019,"1,12","1,24%","0,47%","0,83%","0,25%","0,60%","-1,93%"
240,21/10/2020,155442,257374,36832,449648,"1,15","8,55%","14,48%","10,52%",,12703,3703,2369,468,127,49,15199,4220,"1,12","0,96%","0,14%","0,64%","0,01%","1,10%","1,03%"
241,22/10/2020,169302,259456,36968,465726,"1,15","9,44%","15,50%","11,27%",,13860,3855,2082,155,136,51,16079,4060,"1,12","1,02%","0,13%","0,75%","0,09%","1,41%","0,89%"
242,23/10/2020,186002,261808,37059,484869,"1,15","10,52%","16,87%","11,92%",,16700,5459,2352,361,91,1,19143,5820,"1,13","1,37%","0,37%","0,65%","-0,02%","1,94%","1,08%"
243,24/10/2020,203182,264117,37210,504509,"1,16","11,06%","18,05%","12,81%",,17180,4859,2309,168,151,46,19644,5075,"1,13","1,18%","0,11%","0,90%","0,21%","1,84%","0,54%"
244,25/10/2020,222241,266203,37338,525782,"1,16","13,14%","19,20%","13,72%",,19059,5344,2086,-20,128,14,21273,5337,"1,14","1,15%","0,04%","0,91%","0,17%","3,19%","2,08%"
245,26/10/2020,236684,268626,37479,542789,"1,17","13,64%","20,78%","14,58%",,14443,-226,2423,185,141,18,17012,-20,"1,14","1,58%","0,37%","0,86%","0,07%","3,09%","0,50%"
246,27/10/2020,255090,271988,37700,564778,"1,17","12,61%","22,31%","16,03%",,18406,2356,3362,936,221,79,21994,3373,"1,15","1,53%","0,28%","1,44%","0,56%","1,33%","-1,03%"
247,28/10/2020,276457,275404,37905,589766,"1,18","12,56%","23,95%","17,45%",,21367,4079,3416,840,205,52,24991,4972,"1,15","1,64%","0,29%","1,42%","0,43%","0,71%","-0,05%"
248,29/10/2020,299191,279282,38122,616595,"1,18","13,32%","25,53%","18,75%",,22734,4178,3878,1046,217,52,26831,5276,"1,15","1,57%","0,14%","1,31%","0,24%","0,91%","0,76%"
249,30/10/2020,325786,283567,38321,647674,"1,18","14,45%","27,17%","19,83%",,26595,6626,4285,1177,199,19,31084,7823,"1,16","1,65%","0,17%","1,08%","-0,05%","1,48%","1,13%"
250,31/10/2020,351386,289426,38618,679430,"1,19","14,71%","28,73%","20,93%",,25600,4428,5859,2243,297,96,31758,6766,"1,16","1,55%","0,03%","1,10%","-0,06%","1,22%","0,26%"
251,01/11/2020,378129,292380,38826,709335,"1,19","16,30%","30,22%","22,02%",,26743,4473,2954,-786,208,-5,29907,3682,"1,17","1,50%","-0,08%","1,09%","-0,10%","2,36%","1,59%"
252,02/11/2020,396512,296017,39059,731588,"1,21","16,39%","31,72%","22,97%",,18383,-4450,3637,-276,233,7,22253,-4721,"1,17","1,50%","-0,06%","0,94%","-0,25%","2,06%","0,09%"
253,03/11/2020,418142,302275,39412,759829,"1,22","15,49%","33,76%","25,27%",,21630,-1663,6258,1931,353,108,28244,377,"1,18","2,04%","0,40%","2,31%","0,98%","0,75%","-0,90%"
254,04/11/2020,443235,307378,39747,790377,"1,23","14,42%","35,36%","26,03%",,25093,1268,5103,535,335,72,30550,1889,"1,18","1,60%","-0,03%","0,76%","-0,47%","-0,59%","-1,07%"
255,05/11/2020,472348,312339,40192,824879,"1,23","15,69%","37,19%","27,16%",,29113,4376,4961,239,445,149,34505,4748,"1,19","1,82%","0,16%","1,12%","-0,08%","0,34%","1,27%"
256,06/11/2020,499118,322925,40638,862681,"1,23","16,14%","38,38%","28,57%",,26770,2008,10586,4963,446,115,37809,7091,"1,19","1,20%","-0,40%","1,41%","0,16%","0,55%","0,45%"
257,07/11/2020,532536,328891,41063,902490,"1,22","17,18%","40,15%","29,92%",,33418,7539,5966,328,425,76,39811,7943,"1,20","1,77%","0,13%","1,35%","0,07%","1,24%","1,04%"
258,08/11/2020,558636,335074,41394,935104,"1,23","17,06%","42,28%","31,22%",,26100,313,6183,84,331,-36,32616,361,"1,20","2,13%","0,41%","1,31%","-0,01%","1,01%","-0,12%"
259,09/11/2020,573334,345289,41750,960373,"1,23","17,11%","44,19%","32,36%",,14698,-10562,10215,3176,356,-28,25271,-7416,"1,21","1,91%","0,13%","1,14%","-0,21%","0,95%","0,04%"
260,10/11/2020,590110,363023,42330,995463,"1,22","16,12%","45,78%","33,75%",,16776,-7791,17734,9056,580,163,35098,1432,"1,21","1,59%","-0,12%","1,39%","0,18%","-0,13%","-0,99%"
261,11/11/2020,613358,372113,42953,1028424,"1,21","14,61%","47,08%","35,00%",,23248,-1055,9090,-158,623,165,32961,-1049,"1,21","1,30%","-0,38%","1,25%","-0,03%","-1,67%","-1,51%"
262,12/11/2020,635054,387758,43589,1066401,"1,20","16,18%","47,77%","36,01%",,21696,-1548,15645,4871,636,151,37978,3472,"1,21","0,69%","-0,83%","1,01%","-0,25%","-0,16%","1,58%"
263,13/11/2020,663926,399238,44139,1107303,"1,19","16,05%","49,43%","36,69%",,28872,5328,11480,578,550,50,40902,5954,"1,21","1,66%","0,09%","0,68%","-0,48%","-0,28%","-0,14%"
264,14/11/2020,688435,411434,44683,1144552,"1,19","16,36%","50,21%","37,55%",,24509,2238,12196,404,544,27,37255,2672,"1,21","0,77%","-0,66%","0,86%","-0,23%","0,15%","0,32%"
265,15/11/2020,712490,420810,45229,1178529,"1,18","17,40%","51,24%","38,87%",,24055,2076,9376,-2872,546,-2,33979,-799,"1,21","1,04%","-0,24%","1,32%","0,23%","1,14%","1,04%"
266,16/11/2020,717784,442364,45733,1205881,"1,17","17,92%","52,03%","39,66%",,5294,-15342,21554,7686,504,-65,27354,-7721,"1,21","0,78%","-0,34%","0,80%","-0,25%","1,54%","0,52%"
267,17/11/2020,733810,457798,46464,1238072,"1,16","15,44%","52,89%","41,03%",,16026,-4503,15434,1895,731,140,32191,-2469,"1,21","0,86%","-0,15%","1,36%","0,32%","-0,84%","-2,48%"
268,18/11/2020,743168,481967,47217,1272352,"1,15","14,60%","53,57%","41,69%",,9358,-9186,24169,8476,753,144,34282,-567,"1,20","0,69%","-0,24%","0,66%","-0,30%","-1,68%","-0,84%"
269,19/11/2020,761671,498987,47870,1308528,"1,14","14,46%","53,74%","42,16%",,18503,415,17020,1130,653,41,36176,1585,"1,19","0,17%","-0,68%","0,48%","-0,40%","-1,57%","-0,14%"
270,20/11/2020,777176,520022,48569,1345767,"1,13","15,64%","54,30%","42,57%",,15505,-674,21035,3780,699,66,37242,3174,"1,19","0,55%","-0,14%","0,41%","-0,43%","-0,33%","1,18%"
271,21/11/2020,791746,539524,49261,1380531,"1,13","14,66%","54,47%","42,69%",,14570,-189,19502,1203,692,38,34767,1054,"1,18","0,17%","-0,44%","0,11%","-0,62%","-1,08%","-0,99%"
272,22/11/2020,805947,553098,49823,1408868,"1,12","15,01%","54,81%","43,17%",,14201,850,13574,-5324,562,-94,28337,-4570,"1,17","0,35%","-0,16%","0,49%","-0,13%","-0,38%","0,36%"
273,23/11/2020,796849,584493,50453,1431795,"1,11","15,39%","55,48%","43,28%",,-9098,-20393,31395,11091,630,-44,22930,-9345,"1,16","0,67%","0,17%","0,10%","-0,41%","0,37%","0,38%"
274,24/11/2020,798386,605330,51306,1455022,"1,10","12,31%","55,29%","43,34%",,1537,-7688,20837,-239,853,161,23232,-7763,"1,16","-0,19%","-0,54%","0,07%","-0,26%","-2,27%","-3,08%"
275,25/11/2020,791697,637149,52028,1480874,"1,09","11,24%","54,87%","43,71%",,-6689,-13622,31819,9650,722,35,25853,-3938,"1,15","-0,42%","-0,61%","0,36%","0,07%","-2,86%","-1,07%"
276,26/11/2020,795845,661180,52850,1509875,"1,07","12,46%","54,43%","43,68%",,4148,-734,24031,861,822,111,29003,237,"1,14","-0,44%","-0,54%","-0,02%","-0,24%","-1,35%","1,22%"
277,27/11/2020,787893,696647,53677,1538217,"1,06","12,73%","53,86%","42,96%",,-7952,-9483,35467,10235,827,97,28352,856,"1,13","-0,57%","-0,50%","-0,73%","-0,78%","-0,68%","0,26%"
278,28/11/2020,789308,720861,54363,1564532,"1,05","11,65%","53,25%","42,73%",,1415,1763,24214,-1691,686,-43,26323,33,"1,12","-0,62%","-0,44%","-0,23%","-0,23%","-1,32%","-1,07%"
279,29/11/2020,795771,734503,54904,1585178,"1,03","11,67%","52,57%","42,63%",,6463,7917,13642,-12273,541,-185,20648,-4544,"1,11","-0,67%","-0,35%","-0,10%","-0,02%","-0,82%","0,02%"
280,30/11/2020,788471,757507,55576,1601554,"1,02","12,55%","53,07%","42,53%",,-7300,-6103,23004,-1712,672,-60,16377,-7878,"1,10","0,49%","0,84%","-0,10%","0,00%","0,46%","0,88%"
281,01/12/2020,779945,784595,56361,1620901,"1,01","10,63%","52,46%","41,61%",,-8526,-5892,27088,1479,785,63,19350,-4351,"1,09","-0,60%","-0,20%","-0,92%","-0,67%","-1,22%","-1,92%"
282,02/12/2020,761230,823335,57045,1641610,"1,00","10,00%","51,89%","41,07%",,-18715,-14363,38740,12142,684,-33,20709,-2257,"1,08","-0,57%","-0,15%","-0,53%","-0,16%","-1,67%","-0,63%"
283,03/12/2020,759982,846809,58038,1664829,"0,99","10,55%","50,80%","40,86%",,-1248,3875,23474,-3044,993,252,23225,1084,"1,07","-1,09%","-0,57%","-0,22%","0,19%","-0,84%","0,56%"
284,04/12/2020,757702,872385,58852,1688939,"0,99","11,33%","49,89%","40,52%",,-2280,2033,25576,471,814,75,24099,2566,"1,06","-0,91%","-0,35%","-0,34%","0,01%","0,13%","0,77%"
285,05/12/2020,754169,896308,59514,1709991,"0,98","10,80%","48,22%","39,95%",,-3533,1487,23923,-1141,662,-74,21052,272,"1,04","-1,67%","-0,95%","-0,57%","-0,17%","-0,28%","-0,53%"
286,06/12/2020,755306,913494,60078,1728878,"0,98","11,55%","48,60%","39,23%",,1137,6918,17186,-8384,564,-175,18887,-1641,"1,03","0,37%","0,94%","-0,72%","-0,23%","0,49%","0,75%"
287,07/12/2020,748819,933132,60606,1742557,"0,97","12,34%","48,81%","38,41%",,-6487,-822,19638,-5451,528,-191,13720,-6429,"1,02","0,21%","0,82%","-0,82%","-0,23%","1,31%","0,79%"
288,08/12/2020,737525,958629,61240,1757394,"0,97","9,95%","48,10%","37,99%",,-11294,-5234,25497,635,634,-63,14842,-4663,"1,02","-0,71%","-0,08%","-0,42%","0,10%","-0,98%","-2,39%"
289,09/12/2020,710515,997895,61739,1770149,"0,97","10,77%","47,42%","37,71%",,-27010,-19765,39266,14329,499,-172,12756,-5613,"1,01","-0,68%","-0,04%","-0,28%","0,20%","-0,27%","0,82%"
290,10/12/2020,696527,1027994,62626,1787147,"0,96","9,91%","46,51%","37,38%",,-13988,-4923,30099,4215,887,232,16999,-480,"1,00","-0,90%","-0,29%","-0,33%","0,17%","-1,04%","-0,86%"
291,11/12/2020,690323,1052163,63387,1805873,"0,96","9,83%","45,67%","37,09%",,-6204,3422,24169,-1514,761,113,18727,2015,"0,99","-0,84%","-0,24%","-0,30%","0,19%","-0,90%","-0,07%"
292,12/12/2020,684848,1076891,64036,1825775,"0,95","10,13%","44,88%","36,34%",,-5475,4428,24728,-1070,649,3,19903,3355,"0,98","-0,79%","-0,32%","-0,75%","-0,23%","-0,51%","0,30%"
293,13/12/2020,686031,1093161,64520,1843712,"0,95","11,75%","44,35%","35,87%",,1183,11079,16270,-9397,484,-151,17938,1526,"0,98","-0,53%","0,08%","-0,47%","0,01%","1,08%","1,62%"
294,14/12/2020,675109,1115617,65011,1855737,"0,94","11,61%","44,40%","35,15%",,-10922,-392,22456,-3613,491,-138,12030,-4141,"0,97","0,05%","0,68%","-0,72%","-0,25%","1,05%","-0,13%"
295,15/12/2020,663313,1141406,65857,1870576,"0,94","9,03%","43,72%","34,11%",,-11796,-1194,25789,-322,846,186,14844,-1327,"0,97","-0,68%","-0,05%","-1,04%","-0,49%","-1,41%","-2,59%"
296,16/12/2020,645706,1175901,66537,1888144,"0,94","8,81%","43,01%","33,23%",,-17607,-8349,34495,9066,680,-5,17572,713,"0,96","-0,71%","-0,08%","-0,87%","-0,24%","-1,34%","-0,22%"
297,17/12/2020,635343,1203814,67220,1906377,"0,94","9,41%","42,26%","32,43%",,-10363,-1622,27913,2796,683,27,18236,1200,"0,96","-0,75%","-0,14%","-0,81%","-0,10%","-0,67%","0,60%"
298,18/12/2020,627798,1226086,67894,1921778,"0,94","10,01%","41,20%","32,02%",,-7545,1387,22272,-2574,674,30,17992,1061,"0,96","-1,05%","-0,41%","-0,41%","0,31%","-0,10%","0,60%"
299,19/12/2020,620166,1249470,68447,1938083,"0,94","9,26%","40,56%","31,62%",,-7632,1608,23384,-1270,553,-77,16308,-109,"0,95","-0,65%","-0,03%","-0,40%","0,28%","-0,72%","-0,75%"
300,20/12/2020,622760,1261626,68799,1953185,"0,94","10,99%","40,23%","31,16%",,2594,11633,12156,-11910,352,-259,15104,-908,"0,95","-0,33%","0,26%","-0,47%","0,21%","1,12%","1,73%"
301,21/12/2020,613582,1281258,69214,1964054,"0,94","12,37%","40,21%","31,02%",,-9178,-388,19632,-4031,415,-185,10872,-4975,"0,95","-0,02%","0,58%","-0,14%","0,45%","2,39%","1,38%"
302,22/12/2020,605955,1301573,69842,1977370,"0,94","8,44%","39,89%","30,52%",,-7627,567,20315,-2566,628,59,13318,-2311,"0,95","-0,32%","0,23%","-0,50%","0,01%","-1,45%","-3,93%"
303,23/12/2020,598816,1322067,70395,1991278,"0,94","7,90%","39,25%","29,80%",,-7139,-440,20494,-387,553,2,14522,-671,"0,94","-0,64%","-0,11%","-0,72%","-0,23%","-1,87%","-0,55%"
304,24/12/2020,593632,1344785,70900,2009317,"0,94","9,31%","38,49%","29,41%",,-5184,775,22718,2579,505,-21,18040,2875,"0,94","-0,76%","-0,22%","-0,40%","0,03%","-0,44%","1,41%"
305,25/12/2020,579886,1377109,71359,2028354,"0,95","12,50%","37,42%","29,35%",,-13746,-6901,32324,10749,459,-36,19037,3723,"0,94","-1,07%","-0,53%","-0,06%","0,32%","2,39%","3,19%"
306,26/12/2020,580943,1386213,71627,2038783,"0,95","12,79%","37,28%","29,30%",,1057,6660,9104,-10431,268,-186,10431,-4044,"0,94","-0,14%","0,32%","-0,05%","0,29%","2,17%","0,29%"
307,27/12/2020,581760,1394011,71925,2047696,"0,95","14,89%","37,69%","29,30%",,817,6674,7798,-11114,298,-149,8913,-4677,"0,94","0,41%","0,78%","0,00%","0,26%","3,71%","2,10%"
308,28/12/2020,575221,1408686,72370,2056277,"0,95","12,50%","38,27%","29,13%",,-6539,-1059,14675,-3529,445,-6,8585,-4679,"0,94","0,58%","0,85%","-0,17%","0,10%","1,31%","-2,39%"
309,29/12/2020,568728,1425730,73029,2067487,"0,95","8,72%","37,84%","28,95%",,-6493,-1175,17044,-693,659,204,11224,-1741,"0,94","-0,43%","-0,14%","-0,18%","0,04%","-2,51%","-3,78%"
310,30/12/2020,564395,1445690,73604,2083689,"0,95","9,58%","37,68%","28,71%",,-4333,584,19960,2300,575,117,16202,2997,"0,94","-0,15%","0,07%","-0,24%","-0,08%","-1,88%","0,87%"
311,31/12/2020,569896,1463111,74159,2107166,"0,96","12,62%","37,02%","29,02%",,5501,8892,17421,517,555,89,23477,9496,"0,95","-0,66%","-0,45%","0,31%","0,36%","0,68%","3,04%"
312,01/01/2021,574767,1479988,74621,2129376,"0,97","14,10%","36,49%","29,00%",,4871,5602,16877,2180,462,-4,22211,7776,"0,95","-0,53%","-0,39%","-0,02%","0,03%","1,93%","1,48%"
313,02/01/2021,577062,1489154,74985,2141201,"0,97","17,61%","36,69%","29,18%",,2295,2849,9166,-5540,364,-116,11831,-2804,"0,95","0,20%","0,28%","0,18%","0,20%","4,75%","3,51%"
314,03/01/2021,576214,1503900,75332,2155446,"0,98","13,83%","36,90%","29,34%",,-848,-56,14746,-952,347,-140,14245,-1151,"0,95","0,20%","0,32%","0,16%","0,15%","1,12%","-3,78%"
315,04/01/2021,570458,1520106,75680,2166244,"0,99","13,85%","37,28%","29,29%",,-5756,-5076,16206,289,348,-125,10800,-4913,"0,96","0,39%","0,53%","-0,05%","-0,07%","0,94%","0,01%"
316,05/01/2021,569161,1536129,76329,2181619,"0,99","11,38%","37,41%","29,18%",,-1297,-1359,16023,252,649,178,15378,-928,"0,96","0,12%","0,19%","-0,11%","-0,15%","-1,90%","-2,47%"
317,06/01/2021,568712,1556356,76877,2201945,"1,00","11,38%","37,06%","29,20%",,-449,-1066,20227,4418,548,80,20331,3435,"0,96","-0,35%","-0,26%","0,02%","-0,05%","-2,16%","0,00%"
318,07/01/2021,571055,1572015,77291,2220361,"1,00","14,86%","37,24%","29,38%",,2343,2177,15659,101,414,-33,18020,1903,"0,97","0,19%","0,16%","0,18%","0,13%","1,00%","3,47%"
319,08/01/2021,570389,1589590,77911,2237890,"1,00","12,50%","37,28%","29,38%",,-666,-41,17575,1918,620,150,17533,2085,"0,97","0,04%","-0,08%","0,00%","-0,06%","-1,13%","-2,36%"
320,09/01/2021,572842,1606630,78394,2257866,"1,00","11,61%","37,19%","29,45%",,2453,3056,17040,258,483,-4,19978,3366,"0,98","-0,08%","-0,16%","0,07%","0,03%","-1,17%","-0,89%"
321,10/01/2021,579932,1617804,78755,2276491,"1,00","13,33%","37,46%","29,70%",,7090,6559,11174,-5098,361,-128,18627,1389,"0,98","0,27%","0,19%","0,25%","0,20%","0,63%","1,72%"
322,11/01/2021,575979,1633839,79203,2289021,"1,01","13,67%","37,74%","30,01%",,-3953,-4742,16035,-213,448,-55,12532,-4954,"0,98","0,28%","0,22%","0,31%","0,20%","1,00%","0,34%"
323,12/01/2021,570040,1653404,79819,2303263,"1,01","10,05%","37,92%","29,94%",,-5939,-6065,19565,2811,616,117,14242,-3081,"0,99","0,17%","0,10%","-0,07%","-0,18%","-2,43%","-3,62%"
324,13/01/2021,564774,1673936,80326,2319036,"1,01","8,99%","37,62%","29,29%",,-5266,-4703,20532,3735,507,14,15774,-898,"0,99","-0,30%","-0,38%","-0,65%","-0,66%","-3,15%","-1,06%"
325,14/01/2021,561380,1694051,80848,2336279,"1,00","10,74%","36,95%","29,04%",,-3394,-2012,20115,2681,522,14,17246,684,"1,00","-0,66%","-0,62%","-0,25%","-0,20%","-0,82%","1,75%"
326,15/01/2021,558068,1713030,81325,2352423,"1,00","5,90%","36,52%","28,65%",,-3312,-1552,18979,1345,477,-11,16146,-218,"1,00","-0,43%","-0,32%","-0,40%","-0,29%","-4,71%","-4,84%"
327,16/01/2021,557717,1729216,81800,2368733,"1,00","6,24%","36,43%","28,62%",,-351,1810,16186,-1326,475,-12,16310,470,"1,00","-0,09%","0,02%","-0,02%","0,10%","-3,61%","0,34%"
328,17/01/2021,553374,1745726,82177,2381277,"0,99","5,94%","36,39%","28,43%",,-4343,-549,16510,-1765,377,-112,12545,-2426,"1,00","-0,04%","0,11%","-0,19%","-0,01%","-2,85%","-0,30%"
329,18/01/2021,547059,1760489,82554,2390102,"0,99","5,56%","36,59%","28,90%",,-6315,-2184,14763,-3330,377,-102,8825,-5616,"1,00","0,20%","0,37%","0,47%","0,62%","-2,07%","-0,38%"
330,19/01/2021,535524,1781917,83157,2400598,"0,98","4,13%","36,30%","28,25%",,-11535,-6604,21428,3069,603,126,10497,-3409,"1,00","-0,30%","-0,06%","-0,65%","-0,41%","-2,66%","-1,43%"
331,20/01/2021,523553,1806932,83681,2414166,"0,97","4,85%","35,93%","27,95%",,-11971,-6082,25015,6016,524,45,13571,-20,"1,00","-0,37%","-0,13%","-0,30%","-0,10%","-1,34%","0,72%"
332,21/01/2021,516568,1827451,84202,2428221,"0,97","5,26%","35,25%","27,46%",,-6985,-583,20519,1462,521,42,14078,939,"1,00","-0,68%","-0,43%","-0,49%","-0,26%","-0,15%","0,41%"
333,22/01/2021,502053,1855127,84674,2441854,"0,96","5,15%","34,68%","27,15%",,-14515,-6513,27676,7376,472,-6,13633,853,"0,99","-0,57%","-0,30%","-0,32%","-0,10%","-0,16%","-0,11%"
334,23/01/2021,498834,1871189,85162,2455185,"0,95","4,66%","34,22%","27,10%",,-3219,5193,16062,-4220,488,8,13331,977,"0,99","-0,46%","-0,15%","-0,05%","0,17%","-0,42%","-0,49%"
335,24/01/2021,499278,1882074,85461,2466813,"0,95","5,38%","34,07%","27,26%",,444,8172,10885,-8593,299,-170,11629,-594,"0,99","-0,15%","0,18%","0,16%","0,33%","0,38%","0,72%"
336,25/01/2021,491630,1897861,85881,2475372,"0,94","6,75%","34,26%","27,50%",,-7648,270,15787,-3838,420,-55,8562,-3624,"0,98","0,18%","0,52%","0,24%","0,44%","1,58%","1,37%"
337,26/01/2021,482417,1917117,86422,2485956,"0,94","4,13%","34,15%","26,94%",,-9213,-1626,19256,-58,541,75,10593,-1607,"0,98","-0,11%","0,20%","-0,56%","-0,37%","-1,03%","-2,61%"
338,27/01/2021,477969,1936289,86889,2501147,"0,94","5,18%","33,84%","26,72%",,-4448,2064,19172,692,467,9,15204,2771,"0,97","-0,31%","-0,01%","-0,23%","-0,05%","-0,04%","1,04%"
339,28/01/2021,474617,1953509,87381,2515507,"0,94","5,22%","33,22%","25,99%",,-3352,2641,17220,-788,492,38,14372,1897,"0,97","-0,61%","-0,32%","-0,73%","-0,52%","0,01%","0,04%"
340,29/01/2021,467824,1973388,87858,2529070,"0,94","5,05%","32,61%","25,78%",,-6793,-1903,19879,2985,477,22,13574,1108,"0,96","-0,61%","-0,31%","-0,20%","-0,01%","-0,14%","-0,16%"
341,30/01/2021,463352,1990152,88279,2541783,"0,95","4,27%","32,14%","25,19%",,-4472,597,16764,-231,421,-24,12715,337,"0,96","-0,48%","-0,18%","-0,59%","-0,32%","-0,87%","-0,78%"
342,31/01/2021,453968,2010548,88516,2553032,"0,95","5,27%","32,13%","25,16%",,-9384,-2911,20396,2043,237,-199,11252,-1073,"0,96","0,00%","0,27%","-0,03%","0,27%","0,15%","1,01%"
343,01/02/2021,447589,2024523,88845,2560957,"0,95","5,56%","32,40%","25,58%",,-6379,-87,13975,-4120,329,-94,7925,-4309,"0,95","0,26%","0,53%","0,42%","0,69%","0,61%","0,29%"
344,02/02/2021,437765,2043499,89344,2570608,"0,95","3,95%","32,49%","25,15%",,-9824,-3445,18976,921,499,82,9660,-2440,"0,95","0,09%","0,33%","-0,43%","-0,18%","-0,98%","-1,61%"
345,03/02/2021,434722,2059248,89819,2583790,"0,95","4,72%","32,09%","24,36%",,-3043,3135,15749,-1817,475,56,13189,1377,"0,95","-0,39%","-0,14%","-0,78%","-0,45%","-0,14%","0,77%"
346,04/02/2021,430277,2076928,90241,2597446,"0,95","5,06%","31,57%","24,43%",,-4445,1889,17680,49,422,13,13659,1948,"0,95","-0,52%","-0,29%","0,07%","0,29%","0,22%","0,33%"
347,05/02/2021,429118,2091923,90618,2611659,"0,95","5,26%","31,30%","24,33%",,-1159,4370,14995,-1939,377,-17,14218,2415,"0,95","-0,27%","-0,08%","-0,10%","0,11%","0,39%","0,20%"
348,06/02/2021,427034,2107061,91003,2625098,"0,95","4,76%","31,03%","23,97%",,-2084,3104,15138,-1563,385,-4,13442,1536,"0,95","-0,27%","-0,11%","-0,36%","-0,19%","-0,18%","-0,50%"
349,07/02/2021,427024,2118441,91273,2636738,"0,95","5,63%","30,81%","23,93%",,-10,3839,11380,-4033,270,-124,11641,-321,"0,95","-0,23%","-0,04%","-0,03%","0,14%","0,64%","0,87%"
350,08/02/2021,419604,2133523,91580,2644707,"0,95","5,52%","31,22%","24,34%",,-7420,-9759,15082,43434,307,1026,7969,34700,"0,95","0,42%","-0,28%","0,41%","-0,02%","0,54%","-0,11%"
351,09/02/2021,413967,2149350,92002,2655319,"0,96","3,88%","31,20%","24,34%",,-5637,-11997,15827,44139,422,1068,10612,33211,"0,95","-0,02%","-0,12%","0,00%","0,10%","-1,10%","-1,65%"
352,10/02/2021,410111,2165817,92338,2668266,"0,96","4,17%","30,83%","24,17%",,-3856,-12337,16467,45382,336,1044,12947,34090,"0,95","-0,37%","-0,31%","-0,17%","-0,05%","-0,73%","0,29%"
353,11/02/2021,405019,2185655,92729,2683403,"0,97","5,18%","30,29%","24,15%",,-5092,-13821,19838,49688,391,1080,15137,36947,"0,96","-0,54%","-0,67%","-0,02%","-0,03%","0,26%","1,01%"
354,12/02/2021,402174,2202077,93045,2697296,"0,97","4,84%","29,96%","23,80%",,-2845,-12816,16422,50374,316,1049,13893,38606,"0,95","-0,33%","-0,80%","-0,35%","-0,30%","-0,02%","-0,34%"
355,13/02/2021,401413,2216050,93356,2710819,"0,97","4,66%","29,58%","23,42%",,-761,-9917,13973,48777,311,1024,13523,39884,"0,96","-0,38%","-0,97%","-0,37%","-0,60%","-0,18%","-0,18%"
356,14/02/2021,402783,2225519,93577,2721879,"0,97","5,38%","29,50%","23,68%",,1370,-5084,9469,42949,221,916,11060,38781,"0,96","-0,08%","-0,87%","0,26%","-0,30%","0,58%","0,72%"
357,15/02/2021,398098,2237290,93835,2729223,"0,97","4,10%","29,61%","23,73%",,-4685,-6697,11771,39896,258,852,7344,34051,"0,96","0,11%","-0,53%","0,05%","-0,17%","-0,50%","-1,28%"
358,16/02/2021,393686,2251734,94171,2739591,"0,97","3,79%","29,52%","23,56%",,-4412,-8212,14444,39714,336,878,10368,32380,"0,95","-0,08%","-0,38%","-0,17%","-0,23%","-0,80%","-0,31%"
359,17/02/2021,388864,2268253,94540,2751657,"0,97","4,10%","29,22%","23,21%",,-4822,-9998,16519,41599,369,932,12066,32533,"0,96","-0,30%","-0,45%","-0,35%","-0,44%","-0,48%","0,31%"
360,18/02/2021,384501,2286029,94882,2765412,"0,97","4,77%","28,72%","23,23%",,-4363,-11430,17776,45036,342,967,13755,34572,"0,96","-0,50%","-0,72%","0,02%","-0,29%","0,25%","0,67%"
361,19/02/2021,382448,2303199,95235,2780882,"0,97","5,21%","28,51%","23,39%",,-2053,-10665,17170,47760,353,1007,15470,38102,"0,96","-0,21%","-0,73%","0,16%","-0,07%","0,64%","0,44%"
362,20/02/2021,384623,2315687,95486,2795796,"0,98","4,88%","28,34%","23,43%",,2175,-6092,12488,46014,251,954,14914,40876,"0,95","-0,17%","-0,72%","0,05%","-0,03%","0,27%","-0,33%"
363,21/02/2021,388895,2324633,95718,2809246,"0,98","5,36%","28,47%","23,78%",,4272,164,8946,40801,232,880,13450,41845,"0,96","0,13%","-0,44%","0,35%","0,31%","0,76%","0,48%"
364,22/02/2021,387903,2334968,95992,2818863,"0,98","5,64%","29,03%","24,06%",,-992,629,10335,37182,274,846,9617,38656,"0,96","0,56%","0,20%","0,27%","0,54%","0,82%","0,28%"
365,23/02/2021,387948,2347866,96348,2832162,"0,98","4,38%","29,25%","24,38%",,45,1493,12898,36347,356,891,13299,38731,"0,95","0,22%","0,46%","0,32%","0,74%","-0,52%","-1,26%"
366,24/02/2021,389433,2362465,96666,2848564,"0,99","4,83%","29,13%","24,50%",,1485,2897,14599,37487,318,905,16402,41289,"0,96","-0,12%","0,35%","0,12%","0,68%","-0,18%","0,45%"
367,25/02/2021,396143,2375318,96974,2868435,"1,00","5,62%","29,19%","24,63%",,6710,7944,12853,37584,308,914,19871,46442,"0,97","0,06%","0,35%","0,12%","0,60%","0,49%","0,80%"
368,26/02/2021,404664,2387032,97227,2888923,"1,00","6,30%","29,25%","24,92%",,8521,13291,11714,37322,253,883,20488,51496,"0,98","0,06%","0,30%","0,30%","0,68%","1,01%","0,68%"
369,27/02/2021,411966,2398352,97507,2907825,"1,01","5,86%","29,38%","25,17%",,7302,16687,11320,36833,280,874,18902,54394,"0,98","0,13%","0,28%","0,25%","0,68%","0,43%","-0,44%"
370,28/02/2021,422367,2405199,97699,2925265,"1,02","6,79%","29,80%","25,34%",,10401,22306,6847,32170,192,783,17440,55260,"0,98","0,43%","0,51%","0,17%","0,63%","1,16%","0,94%"
371,01/03/2021,424333,2416093,97945,2938371,"1,03","7,69%","30,56%","26,00%",,1966,19068,10894,31475,246,750,13106,51293,"0,99","0,76%","1,05%","0,66%","1,01%","1,76%","0,89%"
372,02/03/2021,430996,2426150,98288,2955434,"1,04","5,08%","31,29%","26,43%",,6663,19581,10057,30349,343,816,17063,50746,"1,03","0,73%","1,49%","0,43%","1,15%","-0,94%","-2,60%"